Journal Code,Code Journal
Journal Label,Libellé Journal
Tax ID,Numéro de TVA Intracommunautaire
Accounting Export,Export Comptable
Accounting Document,Pièce Comptable
From Date,Date de Début
To Date,Date de Fin
Please select an accounting document,Sélectionnez une pièce comptable
Please enter from date,Entrez s'il vous plaît une date de début
Please enter to date,Entrez s'il vous plaît une date de fin
Selling Journal Code,Code Journal de Vente
Buying Journal Code,Code Journal d'Achat
Export File Format,Format du Fichier d'Export
Subledger Account,Compte Auxiliaire
Select a payment term to invoice.,Sélectionnez un terme de paiement à facturer.
ERPNext France Settings,Paramètres de ERPNext France
Default Payable Account,Compte fournisseur par défaut
Informations sur la fête,Information sur la partie
Salutation,Civilité
Type de Référence,Type d’éléments
Terminé par,Date d'échéance
Purchase demande,Demande d'achat
Set Export Date,Enregistrer la date d'export
Included already exported document,Inclure dans l'export les enregistrements déja exporté dans l'export
Accounting Export Date,Date d'export en comptabilité
Set empty to not update "Exported Date" on document,Mettre à vide pour ne pas mettre de date d'export sur les documents
Discount Supplier Account,Compte d'escompte et remise fournisseur
Export Sales Invoice and Purchase Invoice,Export des facture vents et achats
Select Payment Term,Sélectionnez un terme de paiement à facturer.
You should configure Journal Code in your Company first,Vous devez d'abord configurer vos codes journaux dans la Société
choose the 'Naming Series' option.,choisissez l'option 'Masque de numérotation'.
EU Country Only,Pays Zone EU uniquement
Check VAT,Vérification code TVA
Invalid VAT number,Numéro de TVA invalide
Invalid country code,Code pays non valide
VAT Check OK,Numéro de TVA valide
Name: {0},Nom: {0}
Adress: {0},Adresse: {0}
ERPNext France Setup,Paramétrage d'ERPNext France
Deposit Setup,Gestion des acomptes
Accountancy Export,Export journaux vente et achat
Export FEC,Export ecriture FEC
API Url,Url d'accès à l'API généré depuis le compte de Sirene
API Token,Token d'accès à l'API généré depuis le compte de Sirene (Authorization : Bearer),
API Timeout,Délai d'attente maximum d'une requête vers l'API (en secondes par defaut 2)
Import supplier from SIRENE,Importer un fournisseur depuis SIRENE
Import customer from SIRENE,Importer un client depuis SIRENE
Enter entity details,Veuillez saisir les details de l'entité à récuperer
Company name,Raison sociale
SIREN,SIREN
SIRET,SIRET
NAF,NAF
Zipcode,Code Postal
Nb of displayed results,Nombre de résultats affichés
You have to specify an url for SIRENE API,Vous devez spécifier une url vers l'API Sirene
You have to specify a token for SIRENE API,Vous devez spécifier un token pour l'API Sirene
You have to specify Erpnext France Parameters,Les paramètres du module ERPNext France n'ont pas été spécifiés veuillez les remplir ou demander à l'administrateur.
You have to specify at least a filter for searching,Vous devez spécifier au moins une valeur de filtre
No Entity Found With Those Info,Aucune entité n'a été trouvée avec ces informations
Select Entity,Sélectionnez l'entité que vous recherchez
Error during companies data recuperation:{0},Une erreur est survenue durant la récupération des données: {0}
SIRENE Error - Not Found,Erreur Sirene - Élément non trouvé,
SIRENE Error - Unauthorized,Erreur Sirene - Non autorisé,
SIRENE Error - Access Denied,Erreur Sirene - Accès refusé,
No of Employees,Nb de salarié(e)s
No. of Employees,Nb de salarié(e)s
Annual Revenue,CA annuel
Qualified By,Qualifié par
Qualified on,Qualifié le
Open Tasks,Tâche à faire ouverte
No open task,Pas de Tâche à faire ouverte
Open Events,Evénements ouvert
No open event,Pas Evénements ouvert
New Task,Nv. Tâche à faire
No Notes,Pas de note
New Note,Nouvelle Note
Prospect Owner,Resp. du Prospect
Deal Owner,Resp. de l'opportunité
Stage,Etape
Probability,Probabilité
Closing,Clôture
Allow Sales,Autoriser à la vente
Subcontracting Order,Ordre de fab. sous traité
Subcontracting Receipt,Reception d'ordre de fab. sous traité
Subcontracting Purchase Order,Commande d'achat de sous traitance
Service Items,Prestations de sous traitance acheter
Available Qty For Consumption,Quantité dispo. pour consommation
% Returned,% retourné
Discount (%) on Price List Rate with Margin,Remise (%) sur prix de la liste de prix
Creation Date,Date de création,
Legal Form,Forme Juridique,
Opportunity Owner,Responsable de l'opportunité
Transactions Tax Summary,Récapitulatif des taxes liées aux transactions,
Base Grand Total,Total général de base,
Base Net Amount,Montant net de base,
Monthly Recurring Revenue,Revenu mensuel récurrent,
Bank Transaction Categories,Transactions bancaires par catégorie
Accounting Journal Adjustment,Ajustement de journal comptable,
Accounting Journal Rule,Règle de journal comptable,
Accounting Journal adjustment in progress,Ajustement de journal comptable en cours,
Accounting Journal,Journal comptable,
Accounting journal not found,Journal comptable non trouvé,
Advance Account,Compte d'avance de paiement,
Advance Amount,Montant de l'acompte,
Advance Paid,Acompte/avance payé,
Advance Payment,Avance,
Advance Payments,Acomptes et avances,
Advance account currency should be same as company currency {0},La devise du compte d'acompte doit être la même que la devise de la société {0},
Advance amount cannot be greater than {0} {1},Montant de l'acompte ne peut être supérieur à {0} {1},
Advance amount,Montant de l'acompte,
"Advance paid against {0} {1} cannot be greater than Grand Total {2}",L'acompte versée pour {0} {1} ne peut être supérieure \ au total général {2},
Advance paid against {0} {1} cannot be greater than Grand Total {2},L'avance payée pour {0} {1} ne peut pas être supérieure au total général {2},
Advance,Acompte,
Advances,Acomptes,
Adjust Advance Taxes,Ajuster les taxes sur les acomptes,
Down Payment,Acompte,
Down Payment Against,Facture liée à l'acompte,
Down Payment Percentage,Pourcentage d'acompte,
Down Payment Rate,Pourcentage d'acompte,
Get Down Payment,Obtenir les Acomptes Reçus,
Is Down Payment Invoice,Facture d'acompte,
Is Down Payment Item,Article d'acompte,
Is Down Payment,Est un acompte,
'Account' in the Accounting section of Customer {0},'Compte' dans la section comptabilité du client {0},
Accounting Entry Number,Numéro d'écriture comptable,
Accounting Ledger,Grand livre,
Accounts Closing,Clôture,
Accounts Frozen Upto,Comptes gelés jusqu'au,
Accounts Manager,Responsable comptable,
Active Customers,Clients actifs,
Against Account,Contrepartie,
All the Comments and Emails will be copied from one document to another newly created document(Lead -> Opportunity -> Quotation) throughout the CRM documents.,Tous les commentaires et les courriels seront copiés d'un document à un autre document nouvellement créé (Lead -> Opportunité -> Devis) dans l'ensemble des documents CRM.,
Allow multi-currency invoices against single party account ,Autoriser les factures multi-devises en contrepartie d'un seul compte de tiers,
Allow Sales Order Creation For Expired Quotation,Autoriser la création de commandes client pour les devis expirés,
Allow Continuous Material Consumption,Autoriser la consommation continue de matériel,
Allow Lead Duplication based on Emails,Autoriser la duplication des pistes sur la base des courriels,
Asset Settings,Paramètres des actifs,
Auto close Opportunity Replied after the no. of days mentioned above,Fermeture automatique de l'opportunité de réponse après le nombre de jours mentionné ci-dessus.,
Auto Creation of Contact,Création automatique d'un contact,
Automatically Fetch Payment Terms from Order,Récupération automatique des conditions de paiement de la commande,
Bill for Rejected Quantity in Purchase Invoice,Facturation de la quantité rejetée dans la facture d'achat,
Credit Limit Settings,Paramètres de la limite de crédit,
Create Ledger Entries for Change Amount,Créer des écritures de grand livre pour modifier le montant,
Customer Defaults,Valeurs par défaut des clients,
Calculate Product Bundle Price based on Child Items' Rates,Calculer le prix des ensembles de produits en fonction des tarifs des articles enfants,
Configure the action to stop the transaction or just warn if the same rate is not maintained.,Configurez une action pour stopper la transaction ou alertez simplement su le prix unitaie n'est pas maintenu.,
Close Replied Opportunity After Days,Fermer l'opportunité répliquée après des jours,
Carry Forward Communication and Comments,Reprendre les communications et commentaires,
Default Down Payment Payable Account,Compte d'acompte fournisseur par défaut,
Default Down Payment Receivable Account,Compte d'acompte client par défaut,
Disable Last Purchase Rate,Désactiver le dernier prix d'achat,
'Default {0} Account' in Company {1},'Compte {0} par défaut' dans la société {1},
Enable Custom Cash Flow Format,Activation du format de flux de trésorerie personnalisé,
Enabling ensure each Purchase Invoice has a unique value in Supplier Invoice No. field,Garanti que chaque facture d'achat est associée à un numéro de facture fournisseur unique,
Enable Common Party Accounting,Activer la comptabilité des tiers communs,
Enabling this will allow creation of multi-currency invoices against single party account in company currency,L'activation de cette option va permettre la création de factures multi-devises en contrepartie d'un seul compte de tiers en devise de la société,
Enable Discount Accounting for Selling,Activation de la comptabilité d'escompte pour la vente,
'Expected Start Date' can not be greater than 'Expected End Date','Date de Début Prévue' ne peut pas être postérieure à 'Date de Fin Prévue',
Get Advances Received,Obtenir les paiements des avances,
"If enabled, ledger entries will be posted for change amount in POS transactions","Si cette option est activée, des écritures de grand livre seront enregistrées pour le montant de la modification dans les transactions POS.",
"If enabled, additional ledger entries will be made for discounts in a separate Discount Account","Si cette option est activée, des écritures de grand livre supplémentaires seront effectuées pour les remises dans un compte de remise séparé.",
Item Price Settings,Paramètres du prix de l'article,
Invoice and Billing,Facturation,
Invoice Cancellation,Annulation de facture,
Invoicing Features,Caractéristiques de la facturation,
Journals,Journaux,
"Learn about <a href=""https://docs.erpnext.com/docs/v13/user/manual/en/accounts/articles/common_party_accounting#:~:text=Common%20Party%20Accounting%20in%20ERPNext,Invoice%20against%20a%20primary%20Supplier."">Common Party</a>","En savoir plus <a href=""https://docs.erpnext.com/docs/v13/user/manual/en/accounts/articles/common_party_accounting#:~:text=Common%20Party%20Accounting%20in%20ERPNext,Invoice%20against%20a%20primary%20Supplier."">Tiers communs</a>",
Naming Series and Price Defaults,Nom de série et Tarifs,
Over Order Allowance (%),Tolérance de sur-commande (%),
Payment Terms from orders will be fetched into the invoices as is,Les termes de paiement des commandes seront récupérées dans les factures telles quelles,
Percentage you are allowed to order more against the Blanket Order Quantity. For example: If you have a Blanket Order of Quantity 100 units. and your Allowance is 10% then you are allowed to order 110 units.,"Percentage de commande autorisée en plus de la quantité prévue dans la commande ouverte. Par exemple: Si vous avez une commande avec une quantité de 100 unités et une tolérance de 10%, alors vous pourrez commander jusqu'à 110 unités.",
Period Closing Settings,Paramètres de clôture de la période,
Quick Access,Accès rapide,
Report Setting,Réglage des rapports,
Record all transactions against an accounting journal,Comptabiliser toutes les transactions dans un journal comptable,
Rows with Same Account heads will be merged on Ledger,Les lignes associées aux mêmes comptes comptables seront fusionnées dans le grand livre,
Role Allowed to Over Bill ,Rôle autorisé à sur-facturer,
Role allowed to bypass Credit Limit,Rôle autorisé à contourner la limite de crédit,
Role Allowed to Override Stop Action,Rôle autorisé à outrepasser l'action Stop,
Show Balances in Chart Of Accounts,Afficher les soldes dans le plan comptable,
Sales Update Frequency in Company and Project,Fréquence de mise à jour des ventes dans la société et le projet,
Transaction Settings,Paramètres des transactions,
Subcontracting Settings,Paramètres de sous-traitance,
Adjust the accounting journal,Ajuster le journal Comptable,
New Accounting Journal,Nouveau journal Comptable,
Users with this role are allowed to over bill above the allowance percentage,Les utilisateurs avec ce rôle sont autorisés à sur-facturer au delà du pourcentage de tolérance,
JournalCode,Code Journal,
Adjustment Entry,Entrée d'ajustement,
New Adjustment Entry,Nouvelle entrée d'ajustement,
Adjustment Entry Detail,Détail d'écriture d'ajustement,
Adjustment Account,Compte d'ajustement,
Reversal Date,Date d'annulation,
Posting amount,Montant de l'écriture,
Get documents,Récuperer les documents,
Deferred charges,Charges différées,
Deferred income,Revenu differés,
JournalLib,Libellé Journal,
EcritureNum,Num. Écriture,
EcritureDate,Date Écriture,
EcritureLib,Libellé Écriture,
CompteNum,Num. Compte,
CompteLib,Libellé Compte,
CompAuxNum,Num. Compte Auxiliaire,
CompAuxLib,Libellé Compte Auxiliaire,
PieceRef,Référence de la transaction,
PieceDate,Date de la transaction,
ValidDate,Date Validation,
Montantdevise,Montant Devise,
Idevise,Identifiant Devise,
Voucher Subtype,Sous type de référence,
Against Voucher No,Pour le bon n°,
Show Net Values in Party Account,Afficher les valeurs nettes dans les comptes de tiers,
Add Columns in Transaction Currency,Ajouter des colonnes dans la monnaie de la transaction,
Show Remarks,Afficher les remarques,
Delete Accounting and Stock Ledger Entries on deletion of Transaction,Supprimer les écritures comptables et les écritures du registre des stocks lors de la suppression d'une transaction,
Tax Settings,Paramètres des Taxes,
Book Tax Loss on Early Payment Discount,Perte fiscale comptable sur l'escompte pour paiement anticipé,
Split Early Payment Discount Loss into Income and Tax Loss,Ventiler la perte d'escompte pour paiement anticipé en revenu et en perte fiscale,
Round Tax Amount Row-wise,Arrondir le montant de la taxe par ligne,
Tax Amount will be rounded on a row(items) level,Le montant de la taxe sera arrondi au niveau de la ligne (article).,
Show Taxes as Table in Print,Afficher les taxes sous forme de tableau à l'impression,
Payment Reconciliations,Rapprochement des paiements,
Stock Reconciliation,Inventaire,
Auto Reconcile Payments,Rapprocher automatiquement des paiements,
Ignore Account Closing Balance,Ignorer le solde de clôture du compte,
Financial reports will be generated using GL Entry doctypes (should be enabled if Period Closing Voucher is not posted for all years sequentially or missing),Les rapports financiers seront générés à l'aide des écriture GL (à activer si la pièce justificative de clôture de période n'est pas comptabilisée pour toutes les années de manière séquentielle ou si elle est manquante).
Chart Of Accounts,Plan Comptable,
Enable Automatic Party Matching,Activer l'appariement automatique des Tiers,
Auto match and set the Party in Bank Transactions,Correspondance automatique et définition du tiers dans les transactions bancaires,
Remarks Column Length,Longueur de la colonne remarque,
Accounts Receivable/Payable,Comptes débiteurs / créditeurs,
Allow Item to be Added Multiple Times in a Transaction,Permettre l'ajout d'un élément plusieurs fois dans une transaction,
Don't Reserve Sales Order Qty on Sales Return,Ne pas réserver la quantité de la commande client sur le retour de vente,
Blanket Order Allowance (%),Allocation pour commande globale (%),
Percentage you are allowed to sell beyond the Blanket Order quantity.,Pourcentage que vous êtes autorisé à vendre au-delà de la quantité de la commande globale.,
Rounding Method,Methode d'arrondis,
Banker's Rounding,Arrondis bancaire,
Commercial Rounding,Arrondis commercial,
First Day of the Week,Premier jour de la semaine,
Disable Document Sharing,Désactiver le partage de documents,
Type a reply / comment,Écrire une réponse / commentaire,
Session Expiry (idle timeout),Expiration de la session (temps d'attente inactif),
Example: Setting this to 24:00 will log out a user if they are not active for 24:00 hours.,Exemple : Si vous réglez ce paramètre sur 24:00 un utilisateur sera déconnecté s'il n'est pas actif pendant 24:00 heures.
Document Share Key Expiry (in Days),Expiration de la clé de partage de document (en jours),
Number of days after which the document Web View link shared on email will be expired,Nombre de jours après lesquels le lien Web du document partagé par e-mail expirera
Disable Username/Password Login,Désactiver la connexion par nom d'utilisateur/mot de passe,
Make sure to configure a Social Login Key before disabling to prevent lockout,Assurez-vous de configurer une clé de connexion avant de désactiver cette option pour éviter le verrouillage de l'application,
Login with email link,Se connecter avec le lien e-mail,
"Allow users to log in without a password,using a login link sent to their email","Permettre aux utilisateurs de se connecter sans mot de passe,en utilisant un lien de connexion envoyé à leur adresse e-mail",
Login with email link expiry (in minutes),Expiration du lien de connexion par e-mail (en minutes),
Reset Password Link Expiry Duration,Réinitialiser la durée d'expiration du lien de mot de passe,
Email Retry Limit,Limite de tentatives d'envoi d'e-mails,
Reset Password Template,Réinitialiser le modèle de mot de passe,
Force Web Capture Mode for Uploads,Forcer le mode de capture Web pour les téléversements,
"When uploading files, force the use of the web-based image capture. If this is unchecked,the default behavior is to use the mobile native camera when use from a mobile is detected.","Lors du téléversement de fichiers, forcer l'utilisation de la capture d'image basée sur le Web. Si cette option n'est pas cochée, le comportement par défaut est d'utiliser la caméra native mobile lorsque l'utilisation à partir d'un mobile est détectée."
Strip EXIF tags from uploaded images,Retirer les balises EXIF des images téléchargées,
Allowed File Extensions,Extensions de fichier autorisées,
"Provide a list of allowed file extensions for file uploads. Each line should contain one allowed file type. If unset, all file extensions are allowed. Example: <br>CSV<br>JPG<br>PNG","Fournir une liste des extensions autorisées pour le téléchargement de fichiers. Chaque ligne doit contenir un type de fichier autorisé. Si non défini, toutes les extensions de fichier sont autorisées. Exemple: <br>CSV<br>JPG<br>PNG"
Updates,Mises à jour,
Disable System Update Notification,Désactiver la notification de mise à jour du système
Disable Change Log Notification,Désactiver la notification du journal des modifications,
Encrypt Backups,Chiffrer les sauvegardes,
Max auto email report per user,Nombre maximum de rapports par email par utilisateur,
Allow Sending Usage Data for Improving Applications,Autoriser l'envoi de données d'utilisation pour améliorer les applications,
Allow Older Web View Links (Insecure),Autoriser les anciens liens d'affichage Web (non sécurisé)
Price List Defaults,Paramètre par défaults des listes de prix,
Stock UOM Quantity,Quantité UdM en stock,
Allow to Edit Stock UOM Qty for Sales Documents,Autoriser la modification de la quantité UdM de stock pour les documents de vente,
Allow to Edit Stock UOM Qty for Purchase Documents,Autoriser la modification de la quantité UdM de stock pour les documents d'achat,
Stock Validations,Validation de stock,
"The percentage you are allowed to transfer more against the quantity ordered. For example, if you have ordered 100 units, and your Allowance is 10%, then you are allowed transfer 110 units.","Le pourcentage que vous êtes autorisé à transférer en plus par rapport à la quantité commandée. Par exemple, si vous avez commandé 100 unités, et que votre Allocation est de 10 %, vous pouvez transférer 110 unités."
Quality Inspection Settings,Paramètres de l'inspection qualité,
Stock Reservation,Réservation de stock,
Enable Stock Reservation,Activer la réservation de stock,
Allows to keep aside a specific quantity of inventory for a particular order.,Permet de garder de côté une quantité spécifique d'inventaire pour une commande particulière.,
Serial & Batch Item,Articles gérés en lots / séries,
Serial & Batch Item Settings,Paramètres des articles gérés en lots / séries,
Auto Create Serial and Batch Bundle For Outward,Créer automatiquement des numéros de séries et lots pour l'expédition,
Pick Serial / Batch Based On,Choisir un numéro de série / un lot en fonction de,
Stock Planning,Planification des stocks,
Stock Closing,Clôture des stocks,
Book Advance Payments in Separate Party Account,Réservez des paiements anticipés dans un compte séparé,
Enabling this option will allow you to record - <br><br> 1. Advances Received in a <b>Liability Account</b> instead of the <b>Asset Account</b><br><br>2. Advances Paid in an <b>Asset Account</b> instead of the <b> Liability Account</b>,L'activation de cette option vous permet d'enregistrer: <br><br> 1. Les avances reçues dans un compte de passif <b></b> au lieu du compte d'actif <b></b><br><br>2. Les avances payées dans un <b>Compte d'actif</b> au lieu du <b> Compte de passif</b>
Exchange Rate Revaluation Settings,Paramètres de réévaluation du taux de change,
Auto Create Exchange Rate Revaluation,Créer automatiquement une réévaluation du taux de change,
Submit ERR Journals?,Soumettre des journaux ERR ?,
Fixed Asset Defaults,Paramètres par défaut des immobilisations,
Buying and Selling,Achat et Ventes,
Buying and Selling Settings,Paramètres d'Achat et de Ventes,
Default Provisional Account,Compte de provision par défaut,
Default In-Transit Warehouse,Entrepôt de transit par défaut,
Manage,Gérer,
Connections,Connexions,
Repeat Header and Footer,Répeter l'entête et le pied de page sur chaque page
Percentage you are allowed to order beyond the Blanket Order quantity.,Pourcentage que vous êtes autorisé à vendre au-delà de la quantité de la commande globale.
Update frequency of Project,Fréquence de mise à jour du projet,
How often should Project be updated of Total Purchase Cost ?,À quelle fréquence le projet doit-il être mis à jour en ce qui concerne le coût total d'achat ?,
"If checked, Rejected Quantity will be included while making Purchase Invoice from Purchase Receipt.","Si cette case est cochée, la quantité rejetée sera incluse lors de la facture d'achat à partir du reçu d'achat."
Show Pay Button in Purchase Order Portal,Afficher le bouton Payer dans le portail des bons de commande,
Use Transaction Date Exchange Rate,Utiliser le taux de change de la date de la transaction,
"While making Purchase Invoice from Purchase Order, use Exchange Rate on Invoice's transaction date rather than inheriting it from Purchase Order. Only applies for Purchase Invoice.","Lorsque vous créez une facture à partir de la commande d'achat, il faut utiliser le taux de change à la date de transaction de la facture plutôt que de l'hériter de la commande d'achat. Ne s'applique qu'à la facture d'achat."
Auto Create Subcontracting Order,Création automatique d'une commande de sous-traitance,
Subcontracting Order (Draft) will be auto-created on submission of Purchase Order.,La commande de sous-traitance (brouillon) sera automatiquement créée lors de la soumission du bon de commande.,
Auto Create Purchase Receipt,Création automatique d'un reçu d'achat,
Purchase Receipt (Draft) will be auto-created on submission of Subcontracting Receipt.,Le reçu d'achat (brouillon) sera automatiquement créé lors de la soumission du reçu de sous-traitance.,
Set Operating Cost / Scrape Items From Sub-assemblies,Définir le coût de fonctionnement / article de rebut à partir des sous-ensembles,
"In the case of 'Use Multi-Level BOM' in a work order, if the user wishes to add sub-assembly costs to Finished Goods items without using a job card as well the scrap items, then this option needs to be enable.","Dans le cas de 'Utiliser des BOMS à plusieurs niveaux' dans un ordre de travail, si l'utilisateur souhaite ajouter des coûts de sous-assemblage aux articles finis ainsi que les articles de rebuts sans utiliser de carte de travail, alors cette option doit être activée."
"Link that is the website home page. Standard Links (home, login, products, blog, about, contact)","Lien de la page d'accueil du site. Liens standards (domicile, login, produits, blog, sujet, contact)"
Login Page,Page de connexion,
Disable signups,Désactiver les inscriptions,
New users will have to be manually registered by system managers.,Les nouveaux utilisateurs devront être enregistrés manuellement par les gestionnaires du système.,
Show footer on login,Afficher le pied de page sur la page de connexion,
App Logo,Logo de l'application,
Navbar,Barre de navigation,
Show Language Picker,Afficher le sélécteur de languages,
Footer Details,Détail du pied de page,
Hide footer signup,Cacher le pied de page sur la page d'inscription,
Custom Footer,Pied de page personnalisé,
Enable in-app website tracking,Activer le traçage dans le site web,
Enable Google indexing,Activer l'indexation Google,
Google Analytics anonymise IP,Anonymiser l'IP pour Google Analytics,
Account Deletion Settings,Paramètres de suppression de compte,
Automatically delete account within (hours),Supprimer automatiquement le compte dans les (heures),
Show account deletion link in My Account,Afficher le lien de suppression de compte dans la page Mon Compte,
"Header, Robots","En-tête, Robots"
Redirects,Redirections,
Route Redirects,Redirections de la route,
Clear Cache,Vider le cache,
Default Cost of Goods Sold Account,Compte de charges (achats) par défaut,
Default Income Account,Compte de produit (vente) par défaut,
Invoice Portion (%),Pourcentage de facturation (%),
Discount Settings,Paramètres de remise,
Credit Days,Nombre de jours,
Scan Mode,Mode Scan,
Disables auto-fetching of existing quantity,Désactiver la récupération automatique de la quantité existante,
Items Catalogue,Catalogue des articles,
Warehouse Wise Stock Balance,Solde du stock par entrepôt,
Show Disabled Warehouses,Afficher les entrepôts désactivés,
Warehouse wise Stock Value,Valeur des stocks en entrepôt,
No Stock Available Currently,Aucun stock disponible pour le moment,
Stock Movement,Mouvement de stock,
Edit Filters,Configurer les filtres,
Filters,Filtres,
Add a Filter,Ajouter un filtre,
Apply Filters,Appliquer les filtres,
You haven't created a {0} yet,Vous n'avez pas encore créé de {0},
{0} from {1} to {2},{0} de {1} à {2},
You changed the value of {0} {1},Vous avez changé la valeur de {0} {1},
You changed the value of {0},Vous avez changé la valeur de {0},
No {0} found with matching filters. Clear filters to see all {0}.,Aucun {0} trouvé avec les filtres correspondants. Effacer les filtres pour voir toutes les {0}.,
Terms & Conditions,Termes et Conditions,
Additional Info,Infos supplémentaires,
"<span class=\"h4\"><b>Your Shortcuts</b></span>","<span class=\"h4\"><b>Vos Raccourcis</b></span>",
<span class="h4"><b>Your Shortcuts</b></span>,<span class="h4"><b>Vos Raccourcis</b></span>,
Your Shortcuts,Vos Raccourcis,
Let's Set Up Your Accounts and Taxes.,Veuillez configurer les paramètres de vos comptes et taxes.,
"Accounts, Invoices, Taxation, and more.","Comptes, factures, taxes etc.",
Review Chart of Accounts,Examiner le plan comptable,
Cost Centers for Budgeting and Analysis,Centres de coûts pour la budgétisation et l'analyse,
Create Your First Purchase Invoice,Créez votre première facture d'achat,
Updating Opening Balances,Mise à jour des soldes d'ouverture,
Watch Tutorial,Regarder le tutoriel,
Manage Sales Tax Templates,Gérer les modèles de taxe de vente,
Take a quick walk-through of Accounts Settings,Parcourez les paramètres des comptes,
Let’s create your first Purchase Invoice,Créez votre première facture d'achat,
View Cost Center Tree,Afficher l'arborescence des centres de coûts,
Total Outgoing Bills,Total des factures sortantes,
Total Incoming Bills,Total des factures entrantes,
Total Incoming Payment,Total des paiements entrants,
Total Outgoing Payment,Total des paiements sortants,
Cost Center Allocation,Allocation des centres de coûts,
Learn Procurement,Comprendre l'approvisionnement,
Learn Sales Management,Comprendre la gestion de la vente,
Learn Inventory Management,Comprendre la gestion de l'inventaire,
Learn Project Management,Comprendre la gestion des projets,
Learn Manufacturing,Comprendre la gestion de la production,
Let's Set Up the Selling Module.,Configurez le module de vente.,
"Products, Sales, Analysis, and more.","Produits, ventes, analyse, etc.",
"Let’s walk-through Selling Settings","Parcourez les paramètres de ventes",
Sales Partner Target Variance Based On Item Group,Variance du partenaire commercial cible basée sur les groupes d'articles,
Let's Set Up the Stock Module.,Configurez le module Stock.,
"Inventory, Warehouses, Analysis, and more.","Inventaire, Entrepôts, Analyses etc.",
Review Stock Settings,Examiner paramètres du stock,
Take a walk through Stock Settings,Parcourez les paramètres du stock,
Setup a Warehouse,Configurer un entrepôt,
Let’s create your first  warehouse,Créez votre premier entrepôt,
Manage Stock Movements,Gérer les mouvements de stocks,
Create a Material Transfer Entry,Créer une entrée de transfert de matériaux,
Check Stock Ledger,Vérifier le livre d'inventaire,
Update Stock Opening Balance,Mettre à jour le solde d'ouverture des stocks,
Let’s create a stock opening entry,Créez une entrée d'ouverture de stock,
Total Stock Value,Valeur totale du stock,
Total Warehouses,Total Entrepôt,
Total Active Items,Total des articles actifs,
BOM Creator,Créateur de nomenclature,
Workstation Type,Type de station de travail,
Work Order Consumed Materials,Matières consommées par ordre de travail,
Delayed Tasks Summary,Résumé des tâches retardées,
Let's Set Up Your Website.,Configurez votre site web,
"Blogs, Website View Tracking, and more.","Blogs, suivi des visites de sites web, etc.",
Introduction to Website,Introduction au site web.,
Create Blogger,Creer un blogueur,
Add Blog Category,Ajouter une catégorie de blog,
Enable Website Tracking,Activer le suivi du site,
Learn about Web Pages,En savoir plus sur les pages Web,
Custom Translation,Traduction Personnalisée,
Scheduled Jobs Logs,Journal des travaux planifiés,
Error Logs,Journal d'erreur,
Communication Logs,Journal des communications,
Sales Pipeline Analytics,Analyses du pipeline de vente,
Opportunity Summary by Sales Stage,Résumé des opportunités par étape de vente,
Let's Set Up the Assets Module.,Configurer le module des Actifs.,
"Assets, Depreciations, Repairs, and more.","Actifs, amortissements, réparations, etc.",
Review Fixed Asset Accounts,Examiner les comptes d'actifs fixes,
Let's walk-through Chart of Accounts to review setup,Parcourez le plan comptable,
Define Asset Category,Définir une catégorie d'actifs,
Let's review existing Asset Category,Examiner la catégorie d'actifs existante,
Create an Asset Item,Créer un actif,
Let's create a new Asset item,Créer un nouvel actif,
Purchase an Asset,Acheter un actif,
Let's create a Purchase Receipt,Créer un reçu d'achat,
Add an Existing Asset,Ajouter un actif existant,
Asset Activity,Activité de l'actif,
Asset Capitalization,Capitalisation de l'actif,
{0} changed the value of {1},{0} a changé la valeur de {1},
{0} changed the value of {1} {2},{0} a changé la valeur de {1} {2},
Log out,Se déconnecter,
Let's set up your account,Configurer le premier compte utilisateur,
Email Address (Will be your login ID),"Adresse email (sera le login de ce compte)"
Updating global settings,Mise à jour des paramètres globaux,
"If checked, we will create demo data for you to explore the system. This demo data can be erased later.","Si cette case est cochée, nous créerons des données de démonstration pour vous permettre d'explorer le système. Ces données de démonstration peuvent être effacées ultérieurement.",
Generate Demo Data for Exploration,Générer des données de démo pour explorer ERPNext,
Auto Insert Item Price If Missing,Création du prix de l'article dans les listes de prix si absent,
Merge Similar Account Heads,Fusionner les lignes ayants des codes comptables similaires,
Rows with Same Account heads will be merged on Ledger,Les lignes associées aux mêmes codes comptables seront fusionnées dans le grand livre,
Setup Global Settings,Configuration des paramètres globaux,
ERPNext France - Please Set Accounting Jounal For Purchases and Sales,ERPNext France - Veuillez définir les journaux comptables pour les achats et les ventes,
ERPNext France - Please configure an accounting journal for this transaction type and account: {0},ERPNext France - Veuillez configurer le compte comptable pour ce type de transaction et compte: {0}
ERPNext France - Accounting Export Not Possible,ERPNext France - L'export comptable ne peut pas être effectué,
Footer might not be visible as {0} option is disabled</div>,Le pied de page n'est peut être pas visible car l'option {0} est désactivée,
France Letter Head,En tête et pied de page pour les documents Français,
Account Closing Balance,Solde de clôture du compte,
GL Entry Processing Status,Statut de traitement des entrées GL,
Let's begin your journey with ERPNext,Commencez votre experience sur ERPNext,
"Item, Customer, Supplier and Quotation","Article, Client, Fournisseur et Devis",
Create an Item,Créer un article,
Create a Customer,Créer un Client,
Create Your First Sales Invoice,Créer votre première facture de vente,
Create a new Item,Créer un nouvel article,
EORI Number,N° EORI,
Swift Number,BIC/SWIFT,
Intracom Number,N° Intracom,
d,j,Days (Field: Duration)
Configure Columns,Configurer les colonnes,
Add / Remove Columns,Ajouter / Supprimer des colonnes,
Make Attachments Public by Default,Rendre les PJ publique par defaut,
Show Title in Link Fields,Afficher le champ titre dans les liens plutôt que le nom,
Translate Link Fields,Traduire les liens,
Default View,Vue par defaut,
Special Filter Parent Task,Filtre spéciale sur tâche parente par projet
Filter On Parent Task By Project,Filter la liste par projet et tâche parente du projet
Apply Filter,Appliquer le filtre
"Check request sent to EU web site, please wait","Demande de vérification transmise au site de l'EU, veuillez patientez..."
Type Export FEC,Type d'export FEC,
Standard FEC Export,Export FEC standard,
Inverted Dates FEC Export,Export FEC date inversée,
Export Date,Date d'export,
Hide Already Exported,Masquer les écritures déjà exportées,
EcritureLet,Pour le Bon,
DateLet,Date du Bon,
Export FEC File,Export du fichier FEC,
Mark Gl Entry As Exported,Marquer les lignes comme exportées,
Savings,Épargne,
Cashier,Caisse Liquide,
Current Account,Compte Courant,
Remind Me,Me le Rappeler,
Remind At,Me Rappeler le,
Remind Me In,Me Rappeler dans,
Create a Reminder,Créer un rappel,
Undo,Annuler l'action,
Redo,Refaire l'action,
Opening Stock Entry,Ouverture de stock,
Frappe Support,Support Frappe,
Show Preview,Afficher l'aperçu,
Deferred Accounting,Comptabilité différée,
"Cannot find Deposit Item, may be missing Item with checkbox Is Down Payment","Aucun article utilisable pour une facture d'acompte, vérifiez si il existe un article avec Article d'acompte coché"
"Cannot find Deposit Item, may be missing Default Accountancy table","Aucun article utilisable pour une facture d'acompte, vérifiez si il existe un article avec Article d'acompte coché et qu'il y a une bien une ligne dans Comptabilité"
"Cannot find Deposit Item, may be missing Default Accountancy table with Income Account","Aucun article utilisable pour une facture d'acompte, vérifiez si il existe un article avec Article d'acompte coché et qu'il y a une bien une ligne dans Comptabilité avec un code comptable pour Compte de produit (vente) par défaut"
Left,Gauche,alignment
Right,Droite,alignment
Discount Amount,Remise en montant
Named Place,Lieu Incoterm
ERPNext France - Create Tax Template,ERPNext France - Créer les modéles de taxes
Portal Users,Utilisateurs Portail
Supplier Portal Users,Utilisateurs du portail Fournisseurs
"Percentage you are allowed to transfer more against the quantity ordered. For example: If you have ordered 100 units. and your Allowance is 10% then you are allowed to transfer 110 units.","Pourcentage que vous êtes autorisé à transférer en plus de la quantité commandée. Par exemple, si vous avez commandé 100 unités et que votre tolérance est de 10 %, vous êtes autorisé à transférer 110 unités."
Percentage you are allowed to order beyond the Blanket Order quantity.,Pourcentage que vous êtes autorisé à commander au-delà de la quantité de la commande globale.
Is Purchase Order Required for Purchase Invoice & Receipt Creation?,Le bon de commande est-il nécessaire pour la création d'une facture d'achat et d'un bon de réception ?
Configure the action to stop the transaction or just warn if the same rate is not maintained.,Configurez l'action pour arrêter la transaction ou simplement avertir si le même tarif n'est pas maintenu.
Action If Same Rate is Not Maintained,Mesures à prendre si le tarif évolue
company,société
All companies,Toutes les sociétés
Abbr,Abréviation
Commentaire sur la performance des employés,Evaluation des critères
Employee Performance Feedback,Evaluation des critères
Employee Feedback Criteria,Critères d'Evaluation des Employés
KRA,Domaines de résultats clés (KRA)
Submitted,Validé
Appraisal,Evaluation Globale
Appraisal template,Grilles d'évaluation
ERPNext France - Company accounting auto setup cannot be done with chart of account without code,ERPNext France - Le paramétrage de comptabilité de la société n'a pas être fait automatiquement avec le plan comptable sans code
Tree View,Vue arborescente
List View,Vue en liste
Report View,Vue rapport
Dashboard View,Vue KPI
Kanban View,Vue kanban
Add Row,Nv. ligne
Supplier Invoice,Facture fournisseur
Get Outstanding Orders,Obtenir les commandes en cours
Draft,Brouillon
Bulk Salary Structure Assignment,Affectation en masse aux grilles de salaires
Salary Payout,Gestion des payes
Tax & Benefits,Taxes et bénéfices
Income Tax Computation,Calcul des taxes entrantes
Payroll Reports,Rapport des paies
Deduction Reports,Rapport des deductions
Salary Withholding,Retenue sur salaire
Search or type a command ({0}),Recherche globale (Ctrl + G)
Get Customer Group Details,Appliquer les informations depuis le Groupe de client
Leave Control Panel,Assistant de politique de congés en masse
Leave Policy Assignment,Affectation de la politique de congés en bloc
Leaves Pending Approval,Congés en attente d'approbation
Expired Leaves,Demandes de congés expirées
New Leaves Allocated,Nb Jours de congés à attribuer
Shift & Attendance,Quart et présence
Décalage par défaut,Quart par défaut
Shift Schedule,Planification des quarts
Shift Schedule Assignment,Affect. plan. des quarts
Shift Assignment Tool,Affect. planning des quarts en masse
Payment Term Before Invoice, Terme de paiement avant facture,
Payment Terms Before Invoice, Termes de paiements avant facture,
Template Payment Terms Before Invoice, Modèle de termes de paiement avant facture,
Date Computed Based On, Date caculée à partir de,
Document Date, Date du document,
Payment Terms Template Detail Before Invoice, Détail du modèle de conditions de paiement avant facture,
Default Payment Terms Template Before Invoice, Modèle de termes de paiement par défaut avant facture,
Payment Terms Template Before Invoice, Modèle de termes de paiement avant facture,
Payment Schedule Before Invoice, Calendrier de paiement avant facture,
Cannot Delete term {0} because its on a payment, Vous ne pouvez pas supprimer le terme de paiement {0} car celui çi a déjà été payé,
Cannot Modify term {0} because its on a payment, Vous ne pouvez pas modifier le terme de paiement {0} car celui çi a déjà été payé,
Eco Part, Eco Participation,
Buy Account, Code Comptable Achat,
Sell Account, Code Comptable Vente
Item EcoTax, Ecotaxe sur l'article,
Cannot Update EcoPart because there is no conversion factor between units, Le nouveau montant de l’Eco participation (onglet Taxe) ne peux être calculé car les conversions d’unités ne sont pas disponibles,
Eco Part VAT: {0}, Eco Part TVA: {0},
Eco Part {0}%:, Eco Participation {0}%,
Sales Order Number, Numéro de la commande client,
Unit Price, Prix Unitaire,
Item {0} does not has default settings, Les paramètres par défaut de l'article {0} n'ont pas été remplis,
Missing Default Income Account On Item {0}, Il manque le Compte de produit (vente) par défaut dans les paramètre par défaut de l'article {0},
Subcontracting BOM,Nomenclature en sous-traitance,
Leaves,Congés
Left,Parti,Employee
Leave Control Panel,Assistant de politique de congés en masse
Attendance,Absences et Présences
Shift Tools,Outils des gest. des quarts
Save Filter,Sauv. filtre
Filter By,Filtrer avec
From Prospect,Depuis le Prospect
No contacts added yet.,Pas de contact existant
Mention if non-standard Receivable account,Précisez les si ce n'est pas les comptes standard
Customer Portal Users,Utilisateur du portail
Create User Permission,Ne voir que ses propres informations
This will restrict user access to other employee records,Cela empêche l'utilisateur d'accéder aux informations des autres employés
Series,Masque de numérotation,Quotation
Series,Masque de numérotation,Sales Order
Series,Masque de numérotation,Sales Invoice
Series,Masque de numérotation,Purchase Invoice
Series,Masque de numérotation,Purchase Order
Series,Masque de numérotation,Work Order
Series,Masque de numérotation,Material Request
Series,Masque de numérotation,BOM
Putaway Rule,Règle de routage d'entrée en stock
Disable Comment Count,Désactivé le nb de commantaire
Leave Approver,Approbateur de congés
Disassemble,Désassemblage
Credit Limit,Termes de paiement par défaut,Supplier Group
Update Item Supplier Part No, Mettre à jour la reférence fournisseur de l'article automatiquement,
VAT {0}%,TVA {0}%
Against Blanket Order,Depuis une Commande avec limites
Reset to default,Réinitialiser
Delete All,Tous supprimer
In House,Sur place
Manufacturing Type,Type de production,Production Plan Sub Assembly Item
Get Finished Goods for Manufacture,Obtenir les produits à fabriquer,Production Plan
Assembly Items,Articles à fabriquer,Production Plan
Consolidate Sub Assembly Items,Agréger les sous ensembles,Production Plan
Sub Assembly Warehouse,Entrepot les sous enembles,Production Plan
Get Sub Assembly Items,Obtenir les sous ensembles,Production Plan
"When a parent warehouse is chosen, the system conducts stock checks against the associated child warehouses","Lorsqu'un entrepot parent est choisi, les entrepots fils seront également pris en compte dans le calcul du besoin",Production Plan
Skip Available Sub Assembly Items,Le calcul ne prendra pas les sous enemble disponible en stock,Production Plan
"If this checkbox is enabled, then the system won’t run the MRP for the available sub-assembly items.","Si cette case est cochée, le calcul du besion du besoin ne prendra pas en compte les sous ensemble déja en stock",Production Plan
Consider Minimum Order Qty,Proposer dans le calcul du besoin la quantité minimum d'achat (Onglet Achat de l'article),Production Plan
Include Safety Stock in Required Qty Calculation,Inclure dans la calcul du besion le stock de sécurité (Onglet Achat de l'article),Production Plan
Ignore Available Stock,Ingorer le stock existant,Production Plan
"If enabled, the system will create material requests even if the stock exists in the 'Raw Materials Warehouse'.","Si cette case est cochée, le calcul créera des demande de matériels même si le stock est actuellement disponible",Production Plan
Raw Materials Warehouse,Entrepot cible des matiéres premiéres (composants),Production Plan
Get Raw Materials for Purchase,Calculer les matiéres premiéres à acheter,Production Plan
Get Raw Materials for Transfer,Calculer les matiéres premiéres transférer,Production Plan
Plan to Request Qty,Qté. calc. pour le besoin,Material Request Plan Item
Qty As Per BOM,Qté. par nomenclature,Material Request Plan Item
Qty In Stock,Qté. en stock,Material Request Plan Item
Preview Required Materials,Télécharger la liste des composants necessaire,Production Plan
Download Required Materials,Télécharger CSV,Production Plan
From Delivery Date,Date de livraison (début),Production Plan
To Delivery Date,Date de livraison (fin),Production Plan
Sales Order Status,Statut de la commande client,Production Plan
Select Warehouses to get Stock for Materials Planning,Selectionner les entrepot source pour les matières premiéres (les entrepots fils seront inclus)
ERPNext France - Create Down Payment Item, ERPNext France - Créer Article Acompte,
Down Payment Item Successfully created, Article d'acompte à été correctement créé,
Down Payment Item, Article d'acompte,
Missing root Item group, Il manque le groupe d'article racine,
Income Account,Compte de produit,
Expense Account,Compte de charges,
Section Item Managment, Section Gestion Article,
Section Down Payment, Section Acompte,
Section Sirene, Section SIRENE,
TVA Accounting on down payment, Comptabilitation de la TVA sur les acomptes,
Down Payment Invoice, Facture d'acompte,
Down Payment Type, Type d'acompte,
Down Payment Value, Valeur de l'acompte,
ByAmount, Acompte en Montant,
ByPercent, Acompte en Pourcentage,
Create Down Payment, Créer la facture d'acompte,
Missing Item Tax Template Corresponding to Sales Taxes and Charges Template, Il manque un modèle de taxe d'article qui correspond aux taxes contenu dans modèles de taxes et frais de ventes de la commande,
Item Tax template cannot be defined, Le modèle de taxe d'article ne peut pas être retrouvé,

